treatment	No_of_taxa	Alignment_length	Parsimony_informative_sites	Missing_percent
withParalogs	72	739	149	59.021
withParalogs	71	453	73	39.11
withParalogs	50	390	8	59.723
withParalogs	69	450	25	49.121
withParalogs	70	483	30	49.166
withParalogs	73	845	167	38.419
withParalogs	70	483	62	48.279
withParalogs	6	228	3	1.096
withParalogs	70	134	14	14.382
withParalogs	72	255	63	21.83
withParalogs	72	237	45	0.457
withParalogs	70	636	101	55.478
withParalogs	60	387	44	35.22
withParalogs	71	909	105	40.213
withParalogs	69	261	27	11.628
withParalogs	73	498	83	44.141
withParalogs	40	283	61	23.171
withParalogs	58	177	11	8.591
withParalogs	71	828	113	42.534
withParalogs	72	180	28	2.917
withParalogs	72	504	67	10.45
withParalogs	72	623	92	4.414
withParalogs	72	406	78	12.233
withParalogs	72	576	86	3.61
withParalogs	66	590	112	42.196
withParalogs	46	444	39	42.318
withParalogs	71	444	47	10.287
withParalogs	69	396	36	9.146
withParalogs	73	545	45	19.46
withParalogs	71	213	39	3.055
withParalogs	72	441	40	1.767
withParalogs	63	225	36	1.27
withParalogs	72	873	170	55.952
withParalogs	46	189	53	6.384
withParalogs	69	291	44	2.958
withParalogs	72	282	104	3.96
withParalogs	70	243	26	1.799
withParalogs	72	467	27	56.469
withParalogs	72	783	151	46.823
withParalogs	67	408	36	38.093
withParalogs	71	324	13	53.365
withParalogs	72	456	219	0.804
withParalogs	73	726	63	21.674
withParalogs	71	255	138	15.128
withParalogs	73	422	123	27.011
withParalogs	61	720	62	58.19
withParalogs	72	414	58	2.023
withParalogs	72	547	39	28.07
withParalogs	71	332	59	44.892
withParalogs	69	492	83	45.537
withParalogs	72	279	55	4.152
withParalogs	73	189	35	11.198
withParalogs	71	396	40	17.83
withParalogs	73	567	191	50.692
withParalogs	72	821	255	24.898
withParalogs	72	216	19	0.231
withParalogs	67	526	96	25.626
withParalogs	71	171	42	0.025
withParalogs	72	489	125	9.56
withParalogs	72	323	45	3.702
withParalogs	69	303	46	0.961
withParalogs	71	472	64	40.165
withParalogs	72	213	25	2.093
withParalogs	68	288	47	6.909
withParalogs	65	484	47	56.182
withParalogs	69	445	56	52.389
withParalogs	72	966	144	39.657
withParalogs	73	573	92	33.587
withParalogs	63	189	19	30.184
withParalogs	73	496	111	6.151
withParalogs	61	339	67	44.088
withParalogs	73	865	119	57.317
withParalogs	72	168	28	0.843
withParalogs	70	486	88	42.76
withParalogs	71	294	42	5.246
withParalogs	72	363	77	2.181
withParalogs	68	216	56	1.144
withParalogs	71	219	27	0.733
withParalogs	62	279	33	8.585
withParalogs	7	123	14	15.679
withParalogs	71	522	166	14.643
withParalogs	67	174	29	5.584
withParalogs	67	129	18	2.326
withParalogs	50	628	100	51.847
withParalogs	72	1004	125	29.814
withParalogs	31	297	17	23.688
withParalogs	31	405	132	41.935
withParalogs	70	447	29	28.13
withParalogs	72	555	33	42.868
withParalogs	66	658	63	52.155
withParalogs	2	111	0	0
withParalogs	59	273	36	23.673
withParalogs	66	186	45	11.926
withParalogs	69	384	67	4.144
withParalogs	69	786	140	45.984
withParalogs	72	736	136	55.322
withParalogs	61	201	10	4.429
withParalogs	72	1093	163	67.059
withParalogs	71	456	48	25.834
withParalogs	70	360	44	33.94
withParalogs	71	601	84	24.021
withParalogs	68	426	34	55.623
withParalogs	70	264	47	1.055
withParalogs	71	306	69	0.98
withParalogs	68	147	7	10.054
withParalogs	67	342	44	0.694
withParalogs	73	393	68	1.715
withParalogs	72	511	43	44.007
withParalogs	72	606	87	70.325
withParalogs	71	572	63	27.844
withParalogs	73	1001	75	46.333
withParalogs	64	333	15	5.771
withParalogs	70	282	60	1.93
withParalogs	68	453	60	3.886
withParalogs	72	255	40	4.771
withParalogs	73	987	101	63.18
withParalogs	69	442	40	59.847
withParalogs	70	270	42	9.206
withParalogs	72	1110	316	39.077
withParalogs	64	255	35	48.199
withParalogs	72	281	77	35.024
withParalogs	72	408	62	4.473
withParalogs	73	453	54	1.724
withParalogs	72	867	262	40.167
withParalogs	72	528	39	47.412
withParalogs	71	198	18	32.949
withParalogs	71	129	14	2.096
withParalogs	72	663	93	51.269
withParalogs	70	462	82	7.189
withParalogs	73	579	91	11.562
withParalogs	6	201	5	13.682
withParalogs	72	558	51	59.282
withParalogs	72	840	129	47.401
withParalogs	71	321	43	4.949
withParalogs	72	150	17	0.861
withParalogs	72	324	34	7.33
withParalogs	70	551	57	35.349
withParalogs	66	754	97	56.583
withParalogs	73	616	113	51.212
withParalogs	69	159	38	0.137
withParalogs	69	315	20	15.569
withParalogs	71	174	20	0.898
withParalogs	72	441	37	2.343
withParalogs	73	979	137	72.266
withParalogs	72	193	16	3.649
withParalogs	67	168	57	1.626
withParalogs	67	412	46	16.599
withParalogs	72	213	15	0.469
withParalogs	71	123	9	0.069
withParalogs	70	414	46	24.337
withParalogs	71	306	22	7.153
withParalogs	71	312	40	0.257
withParalogs	43	318	21	40.829
withParalogs	65	793	43	56.512
withParalogs	72	909	96	54.973
withParalogs	70	261	20	1.281
withParalogs	71	1336	69	74.869
withParalogs	70	666	150	62.986
withParalogs	68	250	27	12.594
withParalogs	71	321	40	0.118
withParalogs	70	348	65	0.419
withParalogs	43	114	6	0
withParalogs	71	117	19	0.397
withParalogs	72	615	79	2.622
withParalogs	72	189	28	1.587
withParalogs	72	303	48	0.371
withParalogs	66	207	21	6.829
withParalogs	72	369	31	1.999
withParalogs	72	246	20	1.203
withParalogs	58	649	68	51.01
withParalogs	71	621	80	18.881
withParalogs	73	264	17	46.622
withParalogs	71	1121	171	45.9
withParalogs	71	544	46	51.874
withParalogs	73	480	70	50.034
withParalogs	71	768	101	55.414
withParalogs	2	90	0	1.667
withParalogs	70	450	106	7.086
withParalogs	59	370	47	30.463
withParalogs	71	210	29	0.06
withParalogs	71	375	43	25.352
withParalogs	72	488	42	61.151
withParalogs	50	126	16	0.81
withParalogs	70	414	48	40.093
withParalogs	72	796	56	42.86
withParalogs	15	117	13	0
withParalogs	70	135	10	2.222
withParalogs	70	800	96	62.682
withParalogs	71	156	9	0.677
withParalogs	69	363	102	4.252
withParalogs	72	998	100	35.342
withParalogs	72	564	135	19.836
withParalogs	72	662	36	39.099
withParalogs	73	1463	152	52.792
withParalogs	71	360	84	5.88
withParalogs	71	444	83	33.841
withParalogs	70	559	183	16.202
withParalogs	59	377	54	34.303
withParalogs	5	279	3	37.204
withParalogs	72	591	95	24.309
withParalogs	72	609	142	14.258
withParalogs	72	959	88	53.719
withParalogs	69	210	33	1.304
withParalogs	67	330	19	54.043
withParalogs	73	1320	217	64.773
withParalogs	69	231	29	0.019
withParalogs	26	177	37	2.868
withParalogs	71	378	71	5.321
withParalogs	70	357	33	2.845
withParalogs	65	669	68	22.318
withParalogs	70	159	35	1.833
withParalogs	72	391	94	28.527
withParalogs	72	306	33	0.749
withParalogs	72	912	164	59.105
withParalogs	71	159	14	0.159
withParalogs	71	183	29	4.964
withParalogs	69	303	31	8.767
withParalogs	73	293	67	7.934
withParalogs	50	282	24	43.085
withParalogs	67	132	8	15.163
withParalogs	72	471	166	1.884
withParalogs	72	384	59	4.058
withParalogs	72	150	34	14.639
withParalogs	69	192	21	2.966
withParalogs	71	510	75	51.052
withParalogs	69	186	13	1.286
withParalogs	69	675	36	66.899
withParalogs	72	757	73	30.587
withParalogs	72	652	95	19.798
withParalogs	71	297	76	0.768
withParalogs	72	279	59	2.733
withParalogs	71	421	29	26.754
withParalogs	71	132	11	0.096
withParalogs	28	297	71	41.558
withParalogs	70	330	35	52.299
withParalogs	71	543	60	4.241
withParalogs	71	267	25	1.488
withParalogs	69	246	22	29.692
withParalogs	70	474	94	39.15
withParalogs	72	576	47	28.067
withParalogs	70	469	76	45.985
withParalogs	72	210	52	12.163
withParalogs	73	887	61	57.662
withParalogs	56	144	6	0.707
withParalogs	68	321	47	41.809
withParalogs	67	408	36	48.672
withParalogs	72	1417	315	50.679
withParalogs	70	318	36	26.186
withParalogs	72	249	47	10.81
withParalogs	65	462	28	53.357
withParalogs	73	702	152	41.629
withParalogs	71	162	41	0.548
withParalogs	72	776	184	46.66
withParalogs	71	528	85	19.598
withParalogs	73	531	77	18.404
withParalogs	60	247	21	25.344
withParalogs	62	318	22	23.676
withParalogs	72	276	39	2.189
withParalogs	72	246	24	37.026
withParalogs	69	384	49	13.893
withParalogs	70	168	23	0.357
withParalogs	72	742	70	45.232
withParalogs	72	606	29	41.564
withParalogs	73	1384	250	53.515
withParalogs	67	1155	287	50.145
withParalogs	71	378	43	32.383
withParalogs	71	519	83	1.84
withParalogs	72	150	28	0.028
withParalogs	66	126	19	2.958
withParalogs	73	780	169	47.771
withParalogs	71	417	32	3.06
withParalogs	68	463	42	14.747
withParalogs	69	204	35	0.213
withParalogs	73	1113	96	39.966
withParalogs	70	168	54	0
withParalogs	70	228	33	42.068
withParalogs	66	246	40	29.342
withParalogs	66	444	40	56.02
withParalogs	70	567	47	60.113
withParalogs	72	828	189	48.319
withParalogs	72	582	176	6.794
withParalogs	68	364	51	12.213
withParalogs	72	282	21	26.33
withParalogs	70	483	49	23.345
withParalogs	73	667	69	26.674
withParalogs	62	174	27	0.083
withParalogs	69	354	56	0.614
withParalogs	73	528	102	2.094
withParalogs	72	655	43	49.148
withParalogs	68	318	77	3.704
withParalogs	68	699	133	35.086
withParalogs	72	522	46	13.338
withParalogs	67	159	13	2.534
withParalogs	73	844	135	45.903
withParalogs	48	219	11	10.36
withParalogs	64	591	194	54.688
withParalogs	68	186	34	0.664
withParalogs	62	198	19	10.386
withParalogs	72	611	171	33.415
withParalogs	69	238	47	48.319
withParalogs	72	267	42	24.938
withParalogs	73	345	51	2.394
withParalogs	64	1605	219	65.391
withParalogs	73	255	52	0.322
withParalogs	72	321	93	0.766
withParalogs	72	819	78	58.908
withParalogs	72	288	40	0.347
withParalogs	73	292	71	2.144
withParalogs	73	404	54	31.988
withParalogs	73	804	74	27.428
withParalogs	69	303	25	26.216
withParalogs	69	264	71	0.823
withParalogs	67	623	97	41.187
withParalogs	73	1083	119	65.621
withParalogs	73	354	92	2.647
withParalogs	55	201	86	10.502
withParalogs	71	627	226	10.108
withParalogs	71	318	28	55.341
withParalogs	73	1122	47	58.523
withParalogs	72	372	33	2.867
withParalogs	65	428	39	46.826
withParalogs	71	415	63	20.798
withParalogs	73	1137	118	51.307
withParalogs	71	581	70	73.673
withParalogs	72	345	49	1.316
withParalogs	69	1170	115	59.636
withParalogs	70	189	6	14.989
withParalogs	65	222	106	1.123
withParalogs	67	872	99	59.486
withParalogs	73	418	38	56.456
withParalogs	73	852	79	26.621
withParalogs	71	414	141	38.763
withParalogs	69	713	76	66.376
withParalogs	71	739	250	23.223
withParalogs	72	330	85	0.821
withParalogs	72	489	38	47.964
withParalogs	72	538	60	59.464
withParalogs	73	216	52	0.799
withParalogs	73	381	69	33.783
withParalogs	68	273	15	0.549
withParalogs	71	232	14	23.634
withParalogs	72	429	71	18.415
withParalogs	73	1173	261	46.922
withParalogs	72	258	30	0.678
withParalogs	71	504	141	0.763
withParalogs	63	174	51	0.629
withParalogs	72	660	46	47.115
withParalogs	72	333	50	7.495
withParalogs	70	771	34	64.191
withParalogs	73	228	103	1.586
withParalogs	70	574	116	39.052
withParalogs	72	804	203	42.506
withParalogs	70	516	84	23.214
withParalogs	72	279	29	4.525
withParalogs	72	297	42	23.892
withParalogs	68	528	25	51.487
withParalogs	41	480	24	49.741
withParalogs	72	177	10	1.106
withParalogs	71	836	200	41.497
withParalogs	73	192	61	0.321
withParalogs	72	255	16	1.699
withParalogs	72	324	29	41.898
withParalogs	70	153	37	0.532
withParalogs	72	642	85	46.469
withParalogs	71	408	37	3.397
withParalogs	68	371	79	34.894
withParalogs	73	384	70	0.985
withParalogs	61	120	32	0.328
withParalogs	71	360	21	31.033
withParalogs	69	144	21	0.966
withParalogs	73	1443	143	70.193
withParalogs	71	273	25	28.974
withParalogs	63	285	17	28.638
withParalogs	72	390	58	6.047
withParalogs	71	235	22	42.23
withParalogs	71	192	51	0.022
withParalogs	72	342	48	1.084
withParalogs	60	177	11	21.469
withParalogs	72	216	17	1.427
withParalogs	72	673	78	72.325
withParalogs	71	123	15	0
withParalogs	71	621	198	47.942
withParalogs	73	2042	244	56.888
withParalogs	72	299	29	40.454
withParalogs	68	886	98	62.644
withParalogs	73	357	77	0.15
withParalogs	63	387	56	7.247
withParalogs	73	616	82	4.726
withParalogs	72	448	83	56.641
withParalogs	72	396	42	20.739
withParalogs	71	195	17	0.347
withParalogs	16	225	31	2
withParalogs	67	159	40	4.393
withParalogs	72	444	56	28.735
withParalogs	71	225	56	2.911
withParalogs	71	174	19	14.862
withParalogs	64	306	40	6.48
withParalogs	73	1139	158	71.594
withParalogs	50	563	77	24.504
withParalogs	72	339	36	12.672
withParalogs	69	859	38	63.638
withParalogs	71	682	65	54.277
withParalogs	69	298	29	16.939
withParalogs	70	753	61	9.784
withParalogs	70	616	180	43.054
withParalogs	64	201	28	7.766
withParalogs	71	174	20	3.133
withParalogs	71	763	134	29.404
withParalogs	72	725	33	55.799
withParalogs	71	459	81	2.881
withParalogs	72	675	103	13.79
withParalogs	72	627	62	49.09
withParalogs	68	951	125	52.853
withParalogs	71	781	69	65.229
withParalogs	68	174	34	9.077
withParalogs	73	456	98	0.351
withParalogs	7	132	11	0
withParalogs	72	222	45	0.094
withParalogs	71	712	71	72.826
withParalogs	73	595	97	39.558
withParalogs	71	442	176	14.298
withParalogs	72	318	45	6.302
withParalogs	53	336	15	56.924
withParalogs	73	1029	61	47.37
withParalogs	72	471	116	5.715
withParalogs	73	2036	223	52.831
withParalogs	73	1119	232	35.851
withParalogs	71	403	46	56.845
withParalogs	72	882	50	33.759
withParalogs	71	279	78	0.788
withParalogs	73	432	46	31.031
withParalogs	73	681	83	44.391
withParalogs	72	304	29	2.7
withParalogs	71	301	25	30.892
withParalogs	73	451	106	18.583
withParalogs	71	249	59	2.953
withParalogs	70	228	51	27.35
withParalogs	71	558	45	1.696
withParalogs	72	507	133	41.774
withParalogs	72	1027	43	73.32
withParalogs	71	450	45	48.404
withParalogs	72	370	62	13.649
withParalogs	63	648	125	52.094
withParalogs	72	573	37	40.46
withParalogs	72	354	35	1.66
withParalogs	71	370	54	7.122
withParalogs	72	1473	158	65.677
withParalogs	69	315	14	4.362
withParalogs	73	828	117	36.336
withParalogs	71	645	104	38.284
withParalogs	55	615	177	40.151
withParalogs	72	2039	179	76.725
withParalogs	72	423	77	0.158
withParalogs	66	450	72	52.828
withParalogs	72	465	66	0.815
withParalogs	72	1535	174	52.587
withParalogs	71	390	48	1.246
withParalogs	59	411	77	60.299
withParalogs	69	231	21	0.226
withParalogs	63	1536	164	67.897
withParalogs	72	2073	193	71.462
withParalogs	70	459	31	29.972
withParalogs	71	606	52	23.985
withParalogs	71	1171	76	58.558
withParalogs	72	726	175	0.212
withParalogs	72	963	97	69.873
withParalogs	72	708	132	41.172
withParalogs	71	318	94	22.482
withParalogs	71	321	49	0.606
withParalogs	71	509	76	41.559
withParalogs	72	608	107	43.983
withParalogs	71	393	112	1.387
withParalogs	63	348	51	46.059
withParalogs	73	2170	302	60.548
withParalogs	72	385	98	17.284
withParalogs	70	454	53	43.87
withParalogs	4	213	1	15.845
withParalogs	72	159	43	0.812
withParalogs	69	147	3	1.183
withParalogs	70	606	40	46.528
withParalogs	73	781	142	55.5
withParalogs	72	324	86	7.677
withParalogs	72	1017	116	53.212
withParalogs	72	616	219	16.714
withParalogs	72	261	36	0.814
withParalogs	54	197	19	26.509
withParalogs	73	540	89	15.449
withParalogs	66	132	12	0.62
withParalogs	72	285	33	19.649
withParalogs	72	427	90	1.747
withParalogs	72	399	58	54.626
withParalogs	71	450	35	39.08
withParalogs	72	1110	46	50.195
withParalogs	72	1547	152	49.289
withParalogs	31	525	22	54.249
withParalogs	9	270	59	12.963
withParalogs	71	888	131	65.579
withParalogs	72	678	35	53.036
withParalogs	40	120	29	5.125
withParalogs	13	117	11	4.536
withParalogs	72	260	19	1.779
withParalogs	70	1234	77	76.449
withParalogs	70	174	22	2.02
withParalogs	67	147	19	1.218
withParalogs	71	276	28	1.653
withParalogs	72	735	87	26.712
withParalogs	60	318	59	1.997
withParalogs	72	348	36	38.314
withParalogs	72	426	30	34.341
withParalogs	72	1755	258	60.997
withParalogs	67	321	18	44.107
withParalogs	71	485	77	8.366
withParalogs	73	459	50	14.066
withParalogs	71	228	47	0.537
withParalogs	73	273	115	1.024
withParalogs	72	1611	147	61.861
withParalogs	72	691	66	45.894
withParalogs	69	201	22	30.024
withParalogs	69	204	34	4.007
withParalogs	72	336	67	1.972
withParalogs	70	588	62	28.929
withParalogs	71	528	34	37.516
withParalogs	71	606	46	41.361
withParalogs	72	429	56	2.185
withParalogs	72	396	57	1.199
withParalogs	70	198	20	0.866
withParalogs	70	210	14	0.367
withParalogs	72	480	9	46.215
withParalogs	71	434	120	30.934
withParalogs	20	273	81	7.857
withParalogs	72	621	126	36.319
withParalogs	8	543	18	51.174
withParalogs	70	527	59	53.679
withParalogs	71	564	64	68.205
withParalogs	73	843	58	47.385
withParalogs	72	848	66	16.342
withParalogs	73	735	70	3.221
withParalogs	71	528	62	57.666
withParalogs	59	231	58	0.572
withParalogs	70	306	49	7.941
withParalogs	58	731	82	63.086
withParalogs	72	258	28	1.05
withParalogs	60	210	41	0.786
withParalogs	12	699	50	54.542
withParalogs	72	570	16	62.705
withParalogs	66	156	21	0.175
withParalogs	70	288	32	4.658
withParalogs	72	499	77	38.811
withParalogs	71	150	32	0
withParalogs	71	249	16	21.687
withParalogs	71	195	47	5.005
withParalogs	69	387	57	21.582
withParalogs	71	672	126	12.016
withParalogs	73	357	62	30.851
withParalogs	60	282	63	5.035
withParalogs	73	591	32	47.883
withParalogs	71	415	65	14.281
withParalogs	65	438	52	13.751
withParalogs	72	434	44	59.226
withParalogs	69	225	31	16.541
withParalogs	73	1224	102	42.113
withParalogs	73	353	43	28.577
withParalogs	73	1284	234	50.675
withParalogs	72	1077	150	53.695
withParalogs	73	934	170	39.28
withParalogs	73	1356	74	52.088
withParalogs	72	462	57	2.814
withParalogs	73	252	69	0.473
withParalogs	71	862	189	35.002
withParalogs	70	735	125	45.703
withParalogs	57	183	7	14.639
withParalogs	73	1190	246	51.231
withParalogs	69	339	67	32.756
withParalogs	13	512	84	49.069
withParalogs	72	999	120	61.899
withParalogs	70	123	5	0.279
withParalogs	72	702	61	66.115
withParalogs	69	147	13	0.118
withParalogs	71	495	72	7.52
withParalogs	56	159	23	0.438
withParalogs	70	430	101	20.505
withParalogs	48	379	98	43.849
withParalogs	70	465	40	25.926
withParalogs	62	459	46	27.156
withParalogs	72	1026	68	53.785
withParalogs	70	531	35	27.659
withParalogs	58	584	225	37.816
withParalogs	69	921	130	47.123
withParalogs	72	291	40	0.931
withParalogs	71	264	37	10.931
withParalogs	73	337	33	18.772
withParalogs	19	114	2	2.493
withParalogs	65	114	8	0
withParalogs	73	204	28	19.521
withParalogs	70	1032	177	52.454
withParalogs	63	173	22	18.277
withParalogs	69	207	43	1.365
withParalogs	73	837	165	22.861
withParalogs	70	414	67	16.222
withParalogs	71	201	21	1.577
withParalogs	71	560	111	36.884
withParalogs	61	150	12	0.23
withParalogs	71	295	34	24.975
withParalogs	15	186	24	18.925
withParalogs	72	609	102	57.54
withParalogs	73	507	57	1.629
withParalogs	73	1217	75	57.952
withParalogs	71	264	47	1.2
withParalogs	72	1215	116	21.42
withParalogs	71	243	43	26.482
withParalogs	73	537	73	43.82
withParalogs	72	705	77	5.455
withParalogs	65	220	41	2.301
withParalogs	66	234	24	2.972
withParalogs	71	778	158	25.35
withParalogs	71	159	57	0.159
withParalogs	66	270	35	21.667
withParalogs	73	570	38	8.003
withParalogs	72	369	54	43.823
withParalogs	67	351	113	6.021
withParalogs	70	819	142	66.886
withParalogs	70	622	245	11.791
withParalogs	73	318	65	31.675
withParalogs	9	263	12	31.052
withParalogs	72	123	39	0.678
withParalogs	73	249	33	1.106
withParalogs	72	554	39	30.438
withParalogs	71	377	27	18.71
withParalogs	66	305	34	47.839
withParalogs	72	303	62	46.603
withParalogs	71	183	22	1.755
withParalogs	73	186	33	2.43
withParalogs	71	354	94	8.057
withParalogs	70	300	51	9.757
withParalogs	62	186	36	0.182
withParalogs	73	246	58	0.852
withParalogs	73	1017	324	40.179
withParalogs	59	207	15	11.938
withParalogs	72	229	23	25.946
withParalogs	73	1069	136	40.686
withParalogs	72	658	58	30.079
withParalogs	70	472	30	40.1
withParalogs	2	114	0	0
withParalogs	71	552	29	16.748
withParalogs	30	360	47	6.722
withParalogs	70	267	16	3.467
withParalogs	70	153	46	0.28
withParalogs	69	393	35	29.406
withParalogs	65	114	38	0.081
withParalogs	72	339	62	11.087
withParalogs	72	186	29	8.871
withParalogs	68	397	64	49.326
withParalogs	72	399	34	35.203
withParalogs	40	186	41	0.484
withParalogs	71	390	80	59.935
withParalogs	49	193	23	45.183
withParalogs	73	420	77	8.943
withParalogs	73	297	63	0.028
withParalogs	70	252	37	1.241
withParalogs	72	540	72	1.914
withParalogs	67	631	244	48.845
withParalogs	70	123	8	2.369
withParalogs	72	126	15	9.392
withParalogs	72	216	45	0.444
withParalogs	69	516	34	50.741
withParalogs	72	1269	111	46.795
withParalogs	71	234	18	24.178
withParalogs	67	723	165	25.751
withParalogs	67	345	35	6.567
withParalogs	70	372	54	57.293
withParalogs	69	504	29	32.704
withParalogs	72	837	151	27.788
withParalogs	69	117	31	0.186
withParalogs	73	376	40	21.24
withParalogs	73	740	116	73.06
withParalogs	70	141	11	0.821
withParalogs	64	150	16	0.188
withParalogs	72	627	42	51.621
withParalogs	73	1038	209	60.646
withParalogs	71	263	29	35.736
withParalogs	67	1477	76	60.302
withParalogs	73	270	49	0.518
withParalogs	62	180	24	0.108
withParalogs	72	744	94	55.404
withParalogs	73	644	74	29.907
withParalogs	70	396	143	19.134
withParalogs	71	456	197	27.307
withParalogs	72	868	147	67.723
withParalogs	38	204	22	0.426
withParalogs	72	1431	59	66.737
withParalogs	71	162	26	2.452
withParalogs	2	117	0	2.564
withParalogs	73	681	34	50.999
withParalogs	4	174	4	0
withParalogs	72	138	12	0.332
withParalogs	71	372	36	60.211
withParalogs	72	141	11	0.68
withParalogs	73	1168	206	33.342
withParalogs	72	204	48	1.083
withParalogs	73	429	55	23.719
withParalogs	64	204	27	2.183
withParalogs	67	764	172	53.548
withParalogs	71	690	70	5.732
withParalogs	72	568	93	23.298
withParalogs	66	213	39	5.676
withParalogs	73	1327	118	66.312
withParalogs	73	186	56	5.877
withParalogs	72	282	33	2.069
withParalogs	70	114	8	0.526
withParalogs	72	519	58	45.143
withParalogs	72	571	65	8.684
withParalogs	71	138	13	2.174
withParalogs	69	210	34	4.244
withParalogs	73	705	107	25.444
withParalogs	48	321	61	34.229
withParalogs	71	519	41	37.58
withParalogs	69	418	34	19.128
withParalogs	70	367	40	43.398
withParalogs	73	834	175	65.862
withParalogs	70	490	99	21.099
withParalogs	71	489	36	63.985
withParalogs	72	1232	105	52.334
withParalogs	71	304	41	1.858
withParalogs	72	1024	207	55.013
withParalogs	73	282	34	1.763
withParalogs	73	411	130	5.929
withParalogs	72	351	32	1.258
withParalogs	71	672	84	49.057
withParalogs	70	625	145	33.616
withParalogs	59	156	16	0.065
withParalogs	70	411	58	48.561
withParalogs	72	336	49	12.946
withParalogs	70	429	42	44.965
withParalogs	70	243	73	1.623
withParalogs	73	696	94	8.585
withParalogs	73	441	149	28.683
withParalogs	71	1005	131	58.966
withParalogs	71	135	13	1.815
withParalogs	72	336	42	5.58
withParalogs	72	408	19	20.547
withParalogs	71	825	82	52.681
withParalogs	70	174	27	1.946
withParalogs	51	303	43	41.623
withParalogs	58	469	63	52.698
withParalogs	70	346	63	19.438
withParalogs	69	393	20	26.928
withParalogs	71	303	50	13.067
withParalogs	53	435	80	58.139
withParalogs	73	459	106	5.506
withParalogs	71	472	96	14.839
withParalogs	73	279	27	0.324
withParalogs	70	330	15	69.247
withParalogs	64	147	7	20.312
withParalogs	72	771	56	65.634
withParalogs	70	540	185	36.873
withParalogs	68	120	10	41.949
withParalogs	72	252	21	1.207
withParalogs	70	246	24	1.638
withParalogs	61	708	58	55.001
withParalogs	71	552	20	54.692
withParalogs	72	512	48	67.415
withParalogs	72	279	29	35.977
withParalogs	66	216	7	44.339
withParalogs	73	2128	384	59.605
withParalogs	71	1061	92	58.933
withParalogs	71	225	53	25.315
withParalogs	57	186	9	0.283
withParalogs	63	261	25	6.532
withParalogs	73	1733	140	69.791
withParalogs	72	1323	225	53.912
withParalogs	71	362	58	53.638
withParalogs	73	953	63	28.408
withParalogs	9	153	20	8.279
withParalogs	70	219	50	1.663
withParalogs	73	1006	194	64.905
withParalogs	55	144	10	1.023
withParalogs	71	321	34	8.977
withParalogs	71	384	104	0.286
withParalogs	64	157	15	13.744
withParalogs	70	186	15	7.65
withParalogs	68	213	12	50.911
withParalogs	71	309	72	2.325
withParalogs	68	150	24	0.353
withParalogs	68	121	20	1.446
withParalogs	71	315	44	1.704
withParalogs	72	369	41	4.031
withParalogs	72	295	71	19.732
withParalogs	72	240	66	0.556
withParalogs	69	594	41	35.793
withParalogs	72	1253	182	59.437
withParalogs	71	270	44	3.631
withParalogs	70	426	79	46.821
withParalogs	25	633	49	51.374
withParalogs	70	441	52	3.537
withParalogs	71	408	53	2.361
withParalogs	69	777	26	66.096
withParalogs	69	738	64	34.983
withParalogs	52	1085	177	57.084
withParalogs	49	366	48	47.825
withParalogs	66	174	15	6.923
withParalogs	70	222	17	22.181
withParalogs	54	468	49	54.665
withParalogs	73	830	104	44.832
withParalogs	71	693	77	54.68
withParalogs	71	162	22	0.104
withParalogs	73	663	81	13.537
withParalogs	23	144	28	3.714
withParalogs	71	204	60	25.704
withParalogs	73	465	105	5.833
withParalogs	62	213	12	41.958
withParalogs	27	114	12	3.704
withParalogs	71	207	46	3.409
withParalogs	72	423	63	10.165
withParalogs	51	234	45	28.934
withParalogs	72	312	72	7.238
withParalogs	69	624	117	56.257
withParalogs	23	434	178	28.952
withParalogs	64	417	47	25.438
withParalogs	63	282	27	9.743
withParalogs	64	262	38	26.932
withParalogs	70	312	28	29.821
withParalogs	72	318	88	18.986
withParalogs	64	171	17	0.685
withParalogs	68	216	18	2.083
withParalogs	71	529	20	67.315
withParalogs	72	1664	280	58.894
withParalogs	72	697	120	66.882
withParalogs	71	339	22	17.512
withParalogs	71	1270	147	49.376
withParalogs	72	615	150	50.23
withParalogs	72	633	87	38.244
withParalogs	72	652	75	41.213
withParalogs	70	255	18	0.303
withParalogs	71	685	169	49.974
withParalogs	71	466	93	30.218
withParalogs	65	303	105	4.768
withParalogs	73	237	41	0.087
withParalogs	72	144	20	12.558
withParalogs	72	516	41	26.615
withParalogs	45	600	84	26.511
withParalogs	73	906	105	30.019
withParalogs	69	177	52	2.923
withParalogs	71	297	65	1.593
withParalogs	13	645	69	44.937
withParalogs	70	570	43	36.744
withParalogs	46	402	19	74.173
withParalogs	62	403	69	27.78
withParalogs	72	375	22	44.967
withParalogs	70	249	18	30.912
withParalogs	43	411	54	26.413
withParalogs	72	177	25	3.672
withParalogs	70	471	98	49.29
withParalogs	71	340	50	4.917
withParalogs	71	867	46	54.057
withParalogs	70	561	49	54.011
withParalogs	72	811	105	48.931
withParalogs	61	195	21	1.513
withParalogs	71	171	46	4.225
withParalogs	72	243	39	0.446
withParalogs	63	222	56	14.522
withParalogs	70	596	114	40.036
withParalogs	70	298	29	23.591
withParalogs	71	276	19	36.513
withParalogs	70	171	40	0.576
withParalogs	66	660	48	36.66
withParalogs	70	156	13	11.868
withParalogs	72	270	36	2.191
withParalogs	73	1617	182	68.831
withParalogs	65	720	57	66.449
withParalogs	53	339	31	37.001
withParalogs	68	171	28	1.393
withParalogs	73	579	79	18.809
withParalogs	69	237	31	5.283
withParalogs	71	576	121	31.052
withParalogs	6	135	2	6.296
withParalogs	72	723	212	4.68
withParalogs	63	546	57	29.67
withParalogs	71	144	31	0.117
withParalogs	70	180	39	33.31
withParalogs	71	360	81	29.272
withParalogs	69	760	31	68.976
withParalogs	62	135	11	5.305
withParalogs	70	162	44	0.132
withParalogs	67	327	38	19.02
withParalogs	68	219	46	16.922
withParalogs	71	633	68	73.827
withParalogs	73	616	127	35.114
withParalogs	72	315	40	9.656
withParalogs	73	477	19	53.511
withParalogs	73	496	115	30.261
withParalogs	73	741	81	48.228
withParalogs	70	204	29	0.399
withParalogs	71	162	20	0.365
withParalogs	70	1224	97	57.318
withParalogs	66	141	8	0.193
withParalogs	68	219	24	0.403
withParalogs	71	279	29	18.628
withParalogs	69	312	31	1.087
withParalogs	71	417	54	33.661
withParalogs	71	378	61	24.916
withParalogs	44	141	24	27.079
withParalogs	73	968	91	17.023
withParalogs	72	237	11	1.653
withParalogs	64	441	22	46.301
withParalogs	72	501	22	14.854
withParalogs	58	667	154	27.392
withParalogs	73	1569	168	69.237
withParalogs	73	408	36	2.045
withParalogs	62	141	9	0.275
withParalogs	33	475	49	27.081
withParalogs	72	405	131	2.13
withParalogs	70	661	99	41.29
withParalogs	71	174	20	6.629
withParalogs	71	264	130	3.489
withParalogs	72	1404	120	67.771
withParalogs	65	231	69	0.919
withParalogs	72	228	73	0.365
withParalogs	71	357	49	1.787
withParalogs	73	782	146	29.906
withParalogs	60	198	43	23.106
withParalogs	73	1172	174	48.318
withParalogs	68	513	114	14.723
withParalogs	70	192	14	2.612
withParalogs	70	428	16	56.332
withParalogs	72	1065	141	41.956
withParalogs	67	322	14	18.402
withParalogs	72	576	69	57.198
withParalogs	53	243	26	2.096
withParalogs	70	386	70	25.422
withParalogs	70	261	43	12.036
withParalogs	71	857	77	66.104
withParalogs	53	594	36	47.808
withParalogs	72	153	17	0.517
withParalogs	68	403	71	35.608
withParalogs	70	207	15	2.153
withParalogs	7	165	12	8.571
withParalogs	66	279	40	1.971
withParalogs	67	1072	152	44.389
withParalogs	73	965	255	48.198
withParalogs	69	306	68	39.912
withParalogs	72	612	146	45.084
withParalogs	65	748	56	69.204
withParalogs	70	123	16	0
withParalogs	56	615	25	51.35
withParalogs	72	1239	231	48.907
withParalogs	71	153	10	0.138
withParalogs	73	832	87	31.164
withParalogs	71	453	55	33.719
withParalogs	67	156	27	4.908
withParalogs	72	213	48	3.091
withParalogs	71	411	59	13.488
withParalogs	70	153	18	0
withParalogs	64	231	10	1.948
withParalogs	52	246	8	5.933
withParalogs	59	153	19	4.586
withParalogs	71	219	27	0.193
withParalogs	73	756	197	4.18
withParalogs	72	396	23	24.726
withParalogs	72	264	52	1.815
withParalogs	73	387	91	1.487
withParalogs	72	324	72	35.931
withParalogs	68	273	54	32.45
withParalogs	70	111	13	0.116
withParalogs	46	785	72	45.716
withParalogs	68	309	23	36.279
withParalogs	14	135	6	0
withParalogs	72	411	23	14.416
withParalogs	73	540	138	3.014
withParalogs	71	408	36	30.199
withParalogs	72	174	25	8.836
withParalogs	72	838	180	44.426
withParalogs	72	660	152	38.782
withParalogs	72	216	20	40.914
withParalogs	5	141	16	11.064
withParalogs	72	423	79	3.31
withParalogs	70	207	18	8.157
withParalogs	71	555	28	64.469
withParalogs	72	529	100	39.619
withParalogs	71	264	18	1.921
withParalogs	71	174	29	1.044
withParalogs	70	474	76	45.759
withParalogs	71	300	56	6.014
withParalogs	72	929	64	71.641
withParalogs	73	681	68	35.496
withParalogs	71	507	52	56.621
withParalogs	16	390	60	34.135
withParalogs	71	327	81	43.145
withParalogs	71	278	70	20.721
withParalogs	71	243	24	4.886
withParalogs	73	759	101	56.809
withParalogs	34	330	88	6.337
withParalogs	67	387	45	4.235
withParalogs	66	174	15	17.346
withParalogs	70	288	46	6.235
withParalogs	67	276	43	32.852
withParalogs	42	154	13	15.074
withParalogs	59	273	53	3.204
withParalogs	72	207	16	2.738
withParalogs	72	612	151	11.731
withParalogs	23	117	1	0
withParalogs	72	616	38	42.627
withParalogs	73	825	75	44.463
withParalogs	73	1211	235	46.592
withParalogs	52	294	30	44.604
withParalogs	73	171	27	6.152
withParalogs	73	328	116	8.649
withParalogs	57	279	22	37.276
withParalogs	71	655	135	49.515
withParalogs	73	532	91	8.314
withParalogs	72	624	62	6.37
withParalogs	73	330	116	2.453
withParalogs	72	384	101	17.48
withParalogs	65	770	126	61.536
withParalogs	15	444	66	49.414
withParalogs	70	240	60	32.446
withParalogs	45	480	96	45.056
withParalogs	72	144	16	0.087
withParalogs	72	237	43	0.861
withParalogs	71	924	101	59.155
withParalogs	71	672	306	9.947
withParalogs	71	840	60	25.287
withParalogs	72	168	43	9.35
withParalogs	72	501	32	41.176
withParalogs	2	216	0	0
withParalogs	71	501	60	7.211
withParalogs	68	108	14	0
withParalogs	68	177	11	29.163
withParalogs	72	473	120	37.993
withParalogs	72	402	62	1.949
withParalogs	71	809	68	41.994
withParalogs	70	360	59	1.821
withParalogs	71	621	66	13.003
withParalogs	73	705	79	66.016
withParalogs	73	965	142	60.706
withParalogs	71	580	35	70.087
withParalogs	73	711	107	43.824
withParalogs	73	165	29	0.598
withParalogs	71	228	58	11.379
withParalogs	45	412	79	54.401
withParalogs	72	492	118	7.071
withParalogs	71	144	15	0.029
withParalogs	73	228	47	0.126
withParalogs	70	357	34	29.424
withParalogs	71	589	56	45.63
withParalogs	70	264	28	1.201
withParalogs	34	279	87	24.573
withParalogs	71	156	24	0.19
withParalogs	71	460	36	51.537
noParalogs	72	739	149	59.021
noParalogs	71	453	73	39.11
noParalogs	50	390	8	59.723
noParalogs	68	450	25	48.863
noParalogs	70	483	30	49.166
noParalogs	61	845	158	37.806
noParalogs	5	483	20	44.72
noParalogs	6	228	3	1.096
noParalogs	70	134	14	14.382
noParalogs	23	252	37	19.41
noParalogs	12	237	17	1.899
noParalogs	70	636	101	55.478
noParalogs	50	387	43	35.132
noParalogs	71	909	105	40.213
noParalogs	62	234	24	1.654
noParalogs	73	498	83	44.141
noParalogs	40	283	61	23.171
noParalogs	51	171	5	5.607
noParalogs	68	828	113	42.85
noParalogs	11	180	10	10.455
noParalogs	72	504	67	10.45
noParalogs	15	620	53	7.387
noParalogs	71	405	78	11.601
noParalogs	63	576	38	4.109
noParalogs	62	590	113	41.476
noParalogs	46	444	39	42.318
noParalogs	51	444	45	6.134
noParalogs	69	396	36	9.146
noParalogs	37	539	32	27.779
noParalogs	6	213	8	9.155
noParalogs	13	441	20	7.64
noParalogs	3	225	0	24
noParalogs	72	873	170	55.952
noParalogs	44	189	31	6.674
noParalogs	41	291	40	4.652
noParalogs	11	282	58	11.315
noParalogs	13	243	6	8.832
noParalogs	13	351	16	19.461
noParalogs	72	783	151	46.823
noParalogs	67	408	36	38.093
noParalogs	71	324	13	53.365
noParalogs	5	456	4	9.342
noParalogs	73	726	63	21.674
noParalogs	71	255	138	15.128
noParalogs	71	422	122	27.158
noParalogs	52	720	59	58.021
noParalogs	60	414	37	2.174
noParalogs	68	546	38	27.836
noParalogs	70	332	59	45.189
noParalogs	13	270	53	7.009
noParalogs	6	279	8	6.989
noParalogs	4	174	1	13.362
noParalogs	71	396	40	17.83
noParalogs	5	567	40	22.116
noParalogs	68	821	247	25.725
noParalogs	8	216	8	2.083
noParalogs	65	526	96	26.321
noParalogs	3	171	0	0
noParalogs	30	489	83	15.971
noParalogs	28	323	33	8.149
noParalogs	10	303	24	6.238
noParalogs	71	472	64	40.165
noParalogs	41	213	14	3.263
noParalogs	33	276	34	6.028
noParalogs	42	474	32	57.309
noParalogs	68	444	53	52.434
noParalogs	8	1053	61	45.762
noParalogs	49	573	84	36.639
noParalogs	63	189	19	30.184
noParalogs	42	496	96	9.505
noParalogs	61	339	67	44.088
noParalogs	73	865	119	57.317
noParalogs	6	168	3	9.821
noParalogs	70	486	88	42.76
noParalogs	22	294	32	16.095
noParalogs	10	363	18	3.14
noParalogs	8	216	38	7.812
noParalogs	23	219	11	1.489
noParalogs	61	279	30	8.726
noParalogs	7	123	14	15.679
noParalogs	56	529	155	19.187
noParalogs	38	174	20	7.396
noParalogs	21	129	16	2.879
noParalogs	50	628	100	51.847
noParalogs	72	1004	125	29.814
noParalogs	29	297	12	25.078
noParalogs	30	405	129	43.309
noParalogs	65	447	24	27.042
noParalogs	72	555	33	42.868
noParalogs	65	658	60	52.093
noParalogs	59	273	36	23.673
noParalogs	13	177	34	7.432
noParalogs	27	384	44	10.59
noParalogs	69	786	140	45.984
noParalogs	72	736	136	55.322
noParalogs	45	201	10	4.411
noParalogs	72	1093	163	67.059
noParalogs	71	456	48	25.834
noParalogs	11	243	22	9.428
noParalogs	71	601	84	24.021
noParalogs	68	426	34	55.623
noParalogs	59	264	16	1.194
noParalogs	12	306	43	3.84
noParalogs	24	147	4	9.779
noParalogs	66	342	44	0.704
noParalogs	18	393	17	5.556
noParalogs	72	511	43	44.007
noParalogs	72	606	87	70.325
noParalogs	12	690	31	44.457
noParalogs	32	1001	57	49.248
noParalogs	63	333	10	5.834
noParalogs	16	282	18	4.787
noParalogs	67	453	54	3.934
noParalogs	9	255	8	7.712
noParalogs	71	772	82	52.552
noParalogs	69	442	40	59.847
noParalogs	34	270	34	16.471
noParalogs	36	1110	280	42.77
noParalogs	64	255	35	48.199
noParalogs	72	281	77	35.024
noParalogs	46	408	50	6.841
noParalogs	18	453	24	6.659
noParalogs	52	618	173	17.83
noParalogs	54	387	20	29.945
noParalogs	71	198	18	32.949
noParalogs	3	126	0	0
noParalogs	72	663	93	51.269
noParalogs	69	462	81	7.293
noParalogs	72	579	88	11.564
noParalogs	6	201	5	13.682
noParalogs	72	558	51	59.282
noParalogs	72	840	129	47.401
noParalogs	56	321	27	5.624
noParalogs	8	150	6	6.75
noParalogs	61	324	29	7.984
noParalogs	69	551	57	35.359
noParalogs	66	753	100	56.525
noParalogs	61	616	96	49.694
noParalogs	2	159	0	0
noParalogs	68	315	17	15.798
noParalogs	8	174	8	7.112
noParalogs	72	441	37	2.343
noParalogs	73	991	137	72.601
noParalogs	19	193	9	3.709
noParalogs	11	168	13	5.519
noParalogs	65	412	34	16.923
noParalogs	10	213	8	1.69
noParalogs	11	123	5	0.443
noParalogs	30	414	39	24.928
noParalogs	70	306	22	7.213
noParalogs	5	312	9	2.308
noParalogs	43	318	21	40.829
noParalogs	65	793	43	56.512
noParalogs	71	909	95	55.487
noParalogs	65	261	17	1.309
noParalogs	71	1336	69	74.869
noParalogs	59	666	148	63.918
noParalogs	36	249	18	18.407
noParalogs	3	321	0	1.558
noParalogs	23	348	29	1.274
noParalogs	42	114	4	0
noParalogs	5	117	1	4.103
noParalogs	72	615	79	2.622
noParalogs	2	189	0	21.429
noParalogs	69	303	44	0.387
noParalogs	62	207	14	7.27
noParalogs	72	369	31	1.999
noParalogs	64	246	17	1.353
noParalogs	58	649	68	51.01
noParalogs	8	618	36	15.352
noParalogs	34	147	13	6.543
noParalogs	19	1118	139	51.925
noParalogs	17	271	25	5.058
noParalogs	73	480	70	50.034
noParalogs	71	768	101	55.414
noParalogs	2	90	0	1.667
noParalogs	60	450	79	7.556
noParalogs	58	370	47	30.396
noParalogs	17	210	10	0
noParalogs	71	375	43	25.352
noParalogs	70	488	42	61.235
noParalogs	38	126	13	0.815
noParalogs	70	414	48	40.093
noParalogs	72	796	56	42.86
noParalogs	13	117	3	0
noParalogs	2	132	0	0
noParalogs	12	292	58	18.664
noParalogs	36	156	7	1.335
noParalogs	31	363	87	9.437
noParalogs	72	998	100	35.342
noParalogs	52	546	117	9.858
noParalogs	64	662	33	38.227
noParalogs	72	1469	141	52.941
noParalogs	46	360	79	9.076
noParalogs	6	444	54	32.883
noParalogs	70	559	183	16.202
noParalogs	59	377	54	34.303
noParalogs	5	279	3	37.204
noParalogs	2	591	0	19.289
noParalogs	32	609	110	23.137
noParalogs	72	959	88	53.719
noParalogs	13	210	12	0.989
noParalogs	67	330	19	54.043
noParalogs	48	1269	172	63.431
noParalogs	52	231	22	0.025
noParalogs	22	177	33	3.313
noParalogs	51	378	54	6.194
noParalogs	50	357	31	3.983
noParalogs	58	669	61	24.47
noParalogs	58	159	19	1.919
noParalogs	69	391	93	29.501
noParalogs	69	306	30	0.781
noParalogs	72	912	164	59.105
noParalogs	57	159	10	0.132
noParalogs	5	180	5	4.667
noParalogs	69	303	31	8.767
noParalogs	72	285	54	5.395
noParalogs	47	282	23	45.224
noParalogs	65	132	8	15.175
noParalogs	17	471	134	7.793
noParalogs	21	384	49	11.086
noParalogs	72	150	34	14.639
noParalogs	8	192	10	11.719
noParalogs	71	510	75	51.052
noParalogs	64	186	13	1.386
noParalogs	68	675	29	66.954
noParalogs	61	757	64	32.564
noParalogs	72	652	95	19.798
noParalogs	3	297	0	12.795
noParalogs	5	276	2	12.391
noParalogs	13	418	22	35.186
noParalogs	14	132	7	0.487
noParalogs	28	297	71	41.558
noParalogs	70	330	35	52.299
noParalogs	71	543	60	4.241
noParalogs	18	267	18	2.934
noParalogs	69	246	22	29.692
noParalogs	70	474	94	39.15
noParalogs	71	576	47	28.176
noParalogs	65	469	70	46.574
noParalogs	4	189	3	22.222
noParalogs	73	887	61	57.662
noParalogs	46	144	3	0.453
noParalogs	16	321	8	40.713
noParalogs	67	408	36	48.672
noParalogs	72	1294	309	45.991
noParalogs	3	318	0	21.069
noParalogs	21	228	17	2.569
noParalogs	65	462	28	53.357
noParalogs	73	702	152	41.629
noParalogs	5	162	5	2.593
noParalogs	72	776	184	46.66
noParalogs	70	528	82	19.83
noParalogs	4	531	6	20.339
noParalogs	60	247	21	25.344
noParalogs	62	318	22	23.676
noParalogs	18	276	16	6.099
noParalogs	72	246	24	37.026
noParalogs	42	384	42	16.22
noParalogs	7	168	8	2.551
noParalogs	70	742	70	44.985
noParalogs	69	606	28	41.089
noParalogs	24	1243	129	48.24
noParalogs	65	1153	278	49.523
noParalogs	21	378	39	37.528
noParalogs	16	519	43	4.66
noParalogs	65	150	12	0.031
noParalogs	28	126	13	6.973
noParalogs	73	780	169	47.771
noParalogs	7	414	15	11.801
noParalogs	59	463	39	16.722
noParalogs	10	204	16	0
noParalogs	25	1089	66	42.468
noParalogs	5	168	4	0
noParalogs	70	228	33	42.068
noParalogs	66	246	40	29.342
noParalogs	66	444	40	56.02
noParalogs	7	363	14	34.357
noParalogs	72	828	189	48.319
noParalogs	72	582	176	6.794
noParalogs	63	364	49	12.755
noParalogs	72	282	21	26.33
noParalogs	70	483	49	23.345
noParalogs	64	667	69	26.736
noParalogs	17	174	21	0.203
noParalogs	25	354	36	0.508
noParalogs	9	528	29	15.909
noParalogs	71	655	43	48.986
noParalogs	63	318	76	3.923
noParalogs	68	699	133	35.086
noParalogs	72	522	46	13.338
noParalogs	60	156	5	0.769
noParalogs	60	844	129	45.581
noParalogs	47	219	9	10.58
noParalogs	64	591	194	54.688
noParalogs	65	186	28	0.695
noParalogs	58	198	18	10.711
noParalogs	53	611	140	33.965
noParalogs	69	238	47	48.319
noParalogs	5	267	9	22.022
noParalogs	7	345	19	23.602
noParalogs	63	1605	220	65.513
noParalogs	4	252	0	4.167
noParalogs	4	321	6	9.346
noParalogs	72	819	78	58.908
noParalogs	5	288	5	0.208
noParalogs	4	297	0	19.697
noParalogs	73	404	54	31.988
noParalogs	73	804	74	27.428
noParalogs	69	303	25	26.216
noParalogs	3	264	0	13.258
noParalogs	67	623	97	41.187
noParalogs	35	732	101	44.438
noParalogs	3	318	0	15.409
noParalogs	22	198	66	16.667
noParalogs	41	612	205	12.243
noParalogs	71	318	28	55.341
noParalogs	57	948	43	44.148
noParalogs	11	372	17	15.029
noParalogs	65	428	39	46.826
noParalogs	71	415	63	20.798
noParalogs	73	1137	118	51.307
noParalogs	71	581	70	73.673
noParalogs	7	345	14	12.919
noParalogs	69	1170	138	59.636
noParalogs	69	189	6	14.907
noParalogs	23	222	100	3.173
noParalogs	66	872	90	59.909
noParalogs	73	418	38	56.456
noParalogs	34	852	52	28.863
noParalogs	71	414	141	38.763
noParalogs	69	713	76	66.376
noParalogs	71	739	250	23.223
noParalogs	3	327	0	10.398
noParalogs	72	489	38	47.964
noParalogs	72	538	60	59.464
noParalogs	5	216	5	8.333
noParalogs	73	381	69	33.783
noParalogs	68	273	15	0.549
noParalogs	51	232	12	22.084
noParalogs	68	429	67	18.902
noParalogs	34	873	240	34.344
noParalogs	3	258	0	10.853
noParalogs	4	504	9	11.31
noParalogs	34	174	44	0.913
noParalogs	54	660	40	46.894
noParalogs	7	306	15	4.902
noParalogs	70	771	34	64.191
noParalogs	6	228	5	3.728
noParalogs	69	574	113	39.07
noParalogs	72	804	203	42.506
noParalogs	70	516	84	23.214
noParalogs	25	276	18	7.739
noParalogs	9	297	14	28.283
noParalogs	68	528	25	51.487
noParalogs	35	480	19	47.982
noParalogs	22	177	9	3.621
noParalogs	71	836	200	41.497
noParalogs	3	192	0	0.521
noParalogs	72	255	16	1.699
noParalogs	18	195	13	8.974
noParalogs	6	153	3	5.229
noParalogs	72	642	85	46.469
noParalogs	27	408	22	7.135
noParalogs	68	371	79	34.894
noParalogs	10	384	33	5
noParalogs	12	120	7	1.667
noParalogs	71	360	20	31.033
noParalogs	6	144	15	0
noParalogs	54	1343	116	61.736
noParalogs	48	273	20	29.121
noParalogs	63	285	17	28.638
noParalogs	72	390	58	6.047
noParalogs	71	235	22	42.23
noParalogs	7	192	37	0
noParalogs	5	342	10	11.93
noParalogs	60	177	11	21.469
noParalogs	6	216	1	14.815
noParalogs	72	673	78	72.325
noParalogs	7	123	6	0
noParalogs	71	621	198	47.942
noParalogs	48	1991	231	54.505
noParalogs	72	299	29	40.454
noParalogs	60	886	96	62.257
noParalogs	4	357	1	0.21
noParalogs	62	387	55	7.339
noParalogs	37	616	74	8.481
noParalogs	72	448	83	56.641
noParalogs	38	396	28	21.83
noParalogs	35	195	10	0.527
noParalogs	14	225	31	2.286
noParalogs	7	159	13	22.102
noParalogs	72	444	56	28.735
noParalogs	9	222	38	10.811
noParalogs	53	174	13	15.973
noParalogs	64	306	40	6.48
noParalogs	31	1108	91	62.828
noParalogs	16	564	64	30.652
noParalogs	22	339	24	14.2
noParalogs	69	859	38	63.638
noParalogs	71	682	65	54.277
noParalogs	62	298	29	18.586
noParalogs	69	753	58	9.874
noParalogs	70	616	180	43.054
noParalogs	28	201	20	16.844
noParalogs	12	171	11	1.608
noParalogs	63	763	132	29.196
noParalogs	71	714	48	55.202
noParalogs	68	459	79	2.922
noParalogs	51	681	99	17.12
noParalogs	72	627	62	49.09
noParalogs	68	951	125	52.853
noParalogs	71	781	69	65.229
noParalogs	4	153	0	0
noParalogs	2	456	0	7.237
noParalogs	7	132	11	0
noParalogs	4	222	0	1.689
noParalogs	71	712	71	72.826
noParalogs	13	393	55	30.006
noParalogs	6	442	21	31.335
noParalogs	71	318	44	6.378
noParalogs	52	324	14	55.627
noParalogs	73	1029	61	47.37
noParalogs	36	471	106	9.855
noParalogs	57	2036	211	54.906
noParalogs	73	1119	232	35.851
noParalogs	71	403	46	56.845
noParalogs	26	591	33	4.764
noParalogs	3	279	0	5.376
noParalogs	73	432	46	31.031
noParalogs	73	681	83	44.391
noParalogs	71	304	29	2.734
noParalogs	71	301	25	30.892
noParalogs	73	451	106	18.583
noParalogs	69	228	51	27.517
noParalogs	22	558	23	5.474
noParalogs	67	507	129	42.798
noParalogs	56	843	30	67.514
noParalogs	71	450	45	48.404
noParalogs	8	371	17	29.144
noParalogs	63	648	125	52.094
noParalogs	72	573	37	40.46
noParalogs	11	354	19	10.786
noParalogs	68	370	52	7.353
noParalogs	72	1473	158	65.677
noParalogs	69	315	14	4.362
noParalogs	22	813	58	39.165
noParalogs	58	639	82	39.501
noParalogs	55	615	177	40.151
noParalogs	52	1662	200	65.926
noParalogs	2	423	0	3.901
noParalogs	66	450	72	52.828
noParalogs	5	465	9	8
noParalogs	71	1535	157	52.335
noParalogs	10	390	28	7.308
noParalogs	59	411	77	60.299
noParalogs	8	231	5	0.812
noParalogs	63	1536	164	67.897
noParalogs	8	1098	80	19.74
noParalogs	70	459	31	29.972
noParalogs	71	606	52	23.985
noParalogs	71	1171	76	58.558
noParalogs	3	726	0	0
noParalogs	72	963	97	69.873
noParalogs	72	708	132	41.172
noParalogs	28	318	66	23.686
noParalogs	44	321	38	0.977
noParalogs	5	501	1	31.737
noParalogs	72	608	107	43.983
noParalogs	6	393	45	9.542
noParalogs	63	348	51	46.059
noParalogs	68	1929	258	55.953
noParalogs	72	385	98	17.284
noParalogs	70	454	53	43.87
noParalogs	4	213	1	15.845
noParalogs	3	159	0	10.063
noParalogs	65	147	3	1.256
noParalogs	68	604	38	45.634
noParalogs	73	781	142	55.5
noParalogs	52	324	75	8.155
noParalogs	70	1017	116	53.397
noParalogs	72	616	219	16.714
noParalogs	4	261	1	13.218
noParalogs	54	197	19	26.509
noParalogs	6	540	40	34.907
noParalogs	57	132	10	0.638
noParalogs	72	285	33	19.649
noParalogs	17	431	69	4.272
noParalogs	72	399	58	54.626
noParalogs	71	450	35	39.08
noParalogs	72	1110	46	50.195
noParalogs	72	1547	152	49.289
noParalogs	31	525	22	54.249
noParalogs	6	270	27	19.074
noParalogs	71	888	131	65.579
noParalogs	72	678	35	53.036
noParalogs	18	120	25	7.917
noParalogs	11	117	10	4.895
noParalogs	20	260	11	4.404
noParalogs	70	1234	77	76.449
noParalogs	25	171	12	1.053
noParalogs	65	147	11	1.256
noParalogs	7	276	10	14.286
noParalogs	72	735	87	26.712
noParalogs	13	318	43	5.37
noParalogs	72	348	36	38.314
noParalogs	72	426	30	34.341
noParalogs	29	1832	195	62.912
noParalogs	21	321	15	42.145
noParalogs	44	485	71	9.831
noParalogs	73	459	50	14.066
noParalogs	8	228	13	3.618
noParalogs	14	852	118	24.12
noParalogs	4	672	10	31.585
noParalogs	61	212	20	37.388
noParalogs	19	204	21	6.966
noParalogs	19	336	53	7.472
noParalogs	69	588	61	28.705
noParalogs	52	528	25	37.839
noParalogs	71	606	46	41.361
noParalogs	4	420	2	0
noParalogs	61	396	53	1.416
noParalogs	9	198	9	5.892
noParalogs	69	210	12	0.373
noParalogs	72	480	9	46.215
noParalogs	71	434	120	30.934
noParalogs	16	273	77	9.821
noParalogs	72	621	126	36.319
noParalogs	8	543	18	51.174
noParalogs	70	527	59	53.679
noParalogs	71	564	64	68.205
noParalogs	73	843	58	47.385
noParalogs	57	848	60	18.173
noParalogs	16	735	31	10.995
noParalogs	70	528	62	57.63
noParalogs	5	231	2	2.338
noParalogs	56	306	35	9.926
noParalogs	58	731	82	63.086
noParalogs	7	258	8	8.14
noParalogs	16	210	26	2.054
noParalogs	7	690	27	49.006
noParalogs	72	570	16	62.705
noParalogs	14	156	12	0.824
noParalogs	10	276	14	2.609
noParalogs	72	499	77	38.811
noParalogs	5	150	1	0
noParalogs	71	249	16	21.687
noParalogs	55	195	42	2.49
noParalogs	69	387	57	21.582
noParalogs	70	672	119	12.06
noParalogs	50	357	53	31.731
noParalogs	56	282	57	5.395
noParalogs	73	591	32	47.883
noParalogs	46	415	48	21.126
noParalogs	47	438	46	15.098
noParalogs	70	434	44	59.147
noParalogs	68	225	31	16.765
noParalogs	73	1224	102	42.113
noParalogs	13	353	39	35.672
noParalogs	41	1284	200	55.38
noParalogs	65	1078	149	53.268
noParalogs	73	934	170	39.28
noParalogs	24	690	44	12.554
noParalogs	19	462	42	10.663
noParalogs	3	252	0	7.937
noParalogs	67	862	184	35.786
noParalogs	66	735	118	44.75
noParalogs	57	183	7	14.639
noParalogs	73	1190	246	51.231
noParalogs	43	339	65	35.892
noParalogs	11	512	61	47.159
noParalogs	72	999	120	61.899
noParalogs	68	123	5	0.287
noParalogs	72	702	61	66.115
noParalogs	64	147	12	0.128
noParalogs	38	495	63	12.297
noParalogs	24	159	22	0.472
noParalogs	70	430	101	20.505
noParalogs	48	379	98	43.849
noParalogs	70	465	40	25.926
noParalogs	62	459	46	27.156
noParalogs	71	1026	53	53.793
noParalogs	62	531	34	28.167
noParalogs	58	584	225	37.816
noParalogs	69	921	130	47.123
noParalogs	16	291	10	3.222
noParalogs	54	261	28	12.367
noParalogs	15	283	19	3.392
noParalogs	19	114	2	2.493
noParalogs	63	114	7	0
noParalogs	18	204	8	18.464
noParalogs	66	1032	150	52.92
noParalogs	61	173	20	18.781
noParalogs	3	165	0	0
noParalogs	73	837	165	22.861
noParalogs	36	414	56	21.236
noParalogs	45	201	14	2.355
noParalogs	71	560	111	36.884
noParalogs	35	150	9	0.171
noParalogs	39	295	25	28.083
noParalogs	15	186	24	18.925
noParalogs	72	609	102	57.54
noParalogs	9	507	34	4.799
noParalogs	71	1214	68	58.028
noParalogs	29	264	13	2.273
noParalogs	72	1215	116	21.42
noParalogs	71	243	43	26.482
noParalogs	73	537	73	43.82
noParalogs	48	696	64	5.55
noParalogs	8	219	14	6.849
noParalogs	18	234	14	4.131
noParalogs	71	778	158	25.35
noParalogs	13	159	46	0
noParalogs	65	270	31	22
noParalogs	73	570	38	8.003
noParalogs	11	351	22	23.621
noParalogs	7	332	38	15.835
noParalogs	70	819	142	66.886
noParalogs	33	618	102	6.443
noParalogs	55	318	65	34.648
noParalogs	6	263	2	29.087
noParalogs	49	123	38	0.796
noParalogs	18	249	15	4.351
noParalogs	46	504	35	14.027
noParalogs	71	377	27	18.71
noParalogs	66	305	34	47.839
noParalogs	19	303	30	8.077
noParalogs	24	183	18	5.191
noParalogs	13	186	13	9.429
noParalogs	49	354	90	11.259
noParalogs	69	300	51	9.899
noParalogs	9	186	29	0.717
noParalogs	3	246	0	16.667
noParalogs	73	1017	323	40.179
noParalogs	59	207	15	11.938
noParalogs	69	229	23	25.802
noParalogs	73	1069	136	40.686
noParalogs	20	646	35	31.014
noParalogs	70	472	30	40.1
noParalogs	2	114	0	0
noParalogs	70	552	27	16.786
noParalogs	20	360	40	9.792
noParalogs	70	267	16	3.467
noParalogs	66	153	23	0.03
noParalogs	69	393	35	29.406
noParalogs	28	114	26	0
noParalogs	64	339	62	12.362
noParalogs	72	186	29	8.871
noParalogs	68	397	64	49.326
noParalogs	27	399	23	36.229
noParalogs	22	186	31	0.806
noParalogs	71	390	80	59.935
noParalogs	49	193	23	45.183
noParalogs	71	420	73	9.195
noParalogs	4	297	9	0
noParalogs	33	252	23	1.984
noParalogs	7	540	5	15.079
noParalogs	63	631	241	49.128
noParalogs	3	123	0	1.626
noParalogs	3	114	0	0.877
noParalogs	35	216	13	0.754
noParalogs	52	279	24	11.29
noParalogs	72	1269	111	46.795
noParalogs	32	234	12	23.878
noParalogs	61	723	120	23.59
noParalogs	66	345	32	6.667
noParalogs	70	372	54	57.293
noParalogs	69	504	29	32.704
noParalogs	10	774	92	20.698
noParalogs	55	117	29	0.233
noParalogs	53	376	27	20.92
noParalogs	73	740	116	73.06
noParalogs	52	141	8	1.064
noParalogs	64	150	16	0.188
noParalogs	72	627	42	51.621
noParalogs	73	1038	209	60.646
noParalogs	61	263	26	38.684
noParalogs	59	1459	76	58.705
noParalogs	3	270	0	11.852
noParalogs	37	180	21	0
noParalogs	72	744	94	55.404
noParalogs	71	644	72	29.704
noParalogs	70	396	143	19.134
noParalogs	62	456	192	29.213
noParalogs	72	868	147	67.723
noParalogs	36	204	22	0.408
noParalogs	50	1722	55	67.436
noParalogs	2	162	0	0.926
noParalogs	2	117	0	2.564
noParalogs	72	681	34	51.095
noParalogs	4	174	4	0
noParalogs	4	138	0	0.543
noParalogs	71	372	36	60.211
noParalogs	14	141	4	3.343
noParalogs	73	1168	206	33.342
noParalogs	3	204	0	25.98
noParalogs	73	429	55	23.719
noParalogs	61	204	23	2.242
noParalogs	24	726	119	51.222
noParalogs	70	690	67	5.764
noParalogs	72	568	93	23.298
noParalogs	50	213	34	6.648
noParalogs	70	1327	114	66.157
noParalogs	2	147	0	2.041
noParalogs	12	282	21	8.599
noParalogs	35	114	3	0.075
noParalogs	68	519	58	47.322
noParalogs	13	571	24	24.869
noParalogs	56	138	9	2.057
noParalogs	7	210	26	6.531
noParalogs	72	705	99	25.621
noParalogs	48	321	61	34.229
noParalogs	71	519	41	37.58
noParalogs	69	418	34	19.128
noParalogs	15	367	20	45.232
noParalogs	61	815	182	63.407
noParalogs	46	490	85	15.657
noParalogs	71	489	36	63.985
noParalogs	25	1232	80	51.318
noParalogs	48	303	30	1.63
noParalogs	67	1024	196	54.564
noParalogs	4	282	7	13.564
noParalogs	19	411	46	11.871
noParalogs	44	351	21	2.04
noParalogs	69	672	64	48.835
noParalogs	68	625	130	34.148
noParalogs	22	156	13	0
noParalogs	64	411	57	48.597
noParalogs	72	336	49	12.946
noParalogs	69	429	42	44.988
noParalogs	9	240	19	0.694
noParalogs	16	696	57	11.288
noParalogs	31	432	139	12.858
noParalogs	69	836	101	50.999
noParalogs	9	135	4	6.667
noParalogs	2	330	0	21.818
noParalogs	72	408	19	20.547
noParalogs	71	825	82	52.681
noParalogs	35	174	9	2.759
noParalogs	50	303	43	42.337
noParalogs	58	469	63	52.698
noParalogs	56	346	59	20.231
noParalogs	69	393	20	26.928
noParalogs	19	303	40	9.797
noParalogs	52	435	79	58.355
noParalogs	21	459	72	16.091
noParalogs	30	468	77	19.829
noParalogs	9	279	15	0
noParalogs	70	330	15	69.247
noParalogs	63	147	6	20.311
noParalogs	4	264	2	11.932
noParalogs	54	540	184	37.438
noParalogs	68	120	10	41.949
noParalogs	35	252	13	2.177
noParalogs	65	246	15	1.67
noParalogs	10	330	33	9
noParalogs	71	552	20	54.692
noParalogs	71	505	22	67.067
noParalogs	72	279	29	35.977
noParalogs	22	120	5	1.705
noParalogs	18	2049	262	57.988
noParalogs	71	1061	92	58.933
noParalogs	69	225	53	24.87
noParalogs	42	186	8	0.384
noParalogs	24	261	15	15.517
noParalogs	73	1733	140	69.791
noParalogs	72	1323	225	53.912
noParalogs	71	362	58	53.638
noParalogs	37	944	46	36.57
noParalogs	9	153	20	8.279
noParalogs	9	219	12	3.805
noParalogs	73	1006	194	64.905
noParalogs	54	144	10	1.042
noParalogs	58	321	30	10.989
noParalogs	3	384	0	4.167
noParalogs	60	156	11	13.365
noParalogs	67	186	14	7.992
noParalogs	19	213	4	48.925
noParalogs	13	309	31	10.904
noParalogs	47	150	7	0.511
noParalogs	21	121	13	2.715
noParalogs	20	315	17	5.095
noParalogs	71	369	38	4.088
noParalogs	69	295	51	20.413
noParalogs	69	594	41	35.793
noParalogs	72	1253	182	59.437
noParalogs	8	270	11	7.083
noParalogs	10	237	29	11.772
noParalogs	25	633	49	51.374
noParalogs	36	441	39	6.784
noParalogs	20	408	27	7.684
noParalogs	66	777	25	65.397
noParalogs	40	738	53	38.659
noParalogs	49	1082	170	57.375
noParalogs	49	366	48	47.825
noParalogs	66	174	15	6.923
noParalogs	69	222	16	22.503
noParalogs	54	468	49	54.665
noParalogs	65	696	90	35.106
noParalogs	70	693	76	54.842
noParalogs	6	162	7	0
noParalogs	26	663	48	16.498
noParalogs	23	144	28	3.714
noParalogs	71	204	60	25.704
noParalogs	12	447	88	11.857
noParalogs	62	213	12	41.958
noParalogs	22	114	11	3.828
noParalogs	14	207	27	7.453
noParalogs	72	423	63	10.165
noParalogs	50	234	44	29.179
noParalogs	41	312	64	11.257
noParalogs	29	467	100	34.741
noParalogs	23	434	178	28.952
noParalogs	64	417	47	25.438
noParalogs	63	282	27	9.743
noParalogs	64	262	38	26.932
noParalogs	70	312	28	29.821
noParalogs	22	303	57	15.797
noParalogs	7	171	7	6.266
noParalogs	67	216	18	2.114
noParalogs	71	529	20	67.315
noParalogs	72	1664	280	58.894
noParalogs	72	697	120	66.882
noParalogs	71	339	22	17.512
noParalogs	68	1270	143	48.824
noParalogs	72	615	150	50.23
noParalogs	72	633	87	38.244
noParalogs	72	652	75	41.213
noParalogs	57	255	8	0.268
noParalogs	71	685	169	49.974
noParalogs	64	465	85	32.308
noParalogs	45	303	55	6.711
noParalogs	72	144	20	12.558
noParalogs	71	516	36	26.138
noParalogs	36	600	77	23.681
noParalogs	73	906	105	30.019
noParalogs	19	177	33	6.869
noParalogs	7	297	19	10.678
noParalogs	5	387	0	50.388
noParalogs	31	570	27	40.781
noParalogs	46	402	19	74.173
noParalogs	61	403	68	27.047
noParalogs	72	375	22	44.967
noParalogs	70	249	18	30.912
noParalogs	43	411	54	26.413
noParalogs	49	177	19	5.396
noParalogs	70	471	98	49.29
noParalogs	11	340	24	20.107
noParalogs	33	432	39	12.689
noParalogs	70	561	49	54.011
noParalogs	71	811	107	49.119
noParalogs	60	195	21	1.538
noParalogs	3	165	0	1.212
noParalogs	7	243	10	3.351
noParalogs	43	222	47	19.642
noParalogs	70	596	114	40.036
noParalogs	68	298	20	23.682
noParalogs	71	276	19	36.513
noParalogs	29	171	11	1.391
noParalogs	65	660	41	36.336
noParalogs	70	156	13	11.868
noParalogs	5	264	21	0
noParalogs	64	1596	166	67.966
noParalogs	45	720	64	64.491
noParalogs	53	339	31	37.001
noParalogs	34	171	21	1.806
noParalogs	72	579	71	18.84
noParalogs	69	237	31	5.283
noParalogs	39	576	105	29.367
noParalogs	6	135	2	6.296
noParalogs	21	723	174	7.765
noParalogs	39	551	51	18.442
noParalogs	70	180	39	33.31
noParalogs	67	360	81	28.234
noParalogs	69	760	31	68.976
noParalogs	61	135	11	5.246
noParalogs	8	162	12	1.157
noParalogs	66	327	37	19.266
noParalogs	66	219	46	17.331
noParalogs	71	633	68	73.827
noParalogs	73	616	127	35.114
noParalogs	56	315	33	10.935
noParalogs	73	477	19	53.511
noParalogs	73	496	115	30.261
noParalogs	28	741	35	45.633
noParalogs	8	204	11	2.941
noParalogs	10	162	6	2.593
noParalogs	65	1224	98	55.554
noParalogs	64	141	7	0.199
noParalogs	39	219	16	0.702
noParalogs	68	279	31	19.45
noParalogs	60	312	17	1.234
noParalogs	70	297	52	7.532
noParalogs	71	378	61	24.916
noParalogs	44	141	24	27.079
noParalogs	73	968	91	17.023
noParalogs	9	237	5	12.658
noParalogs	64	441	22	46.301
noParalogs	72	501	22	14.854
noParalogs	45	664	149	33.916
noParalogs	68	1526	148	67.921
noParalogs	69	408	28	2.163
noParalogs	58	141	8	0.293
noParalogs	33	475	49	27.081
noParalogs	41	405	97	3.686
noParalogs	65	642	97	40.036
noParalogs	5	162	0	1.852
noParalogs	30	654	80	24.495
noParalogs	9	231	30	2.742
noParalogs	2	228	0	4.605
noParalogs	12	357	31	9.384
noParalogs	30	708	95	31.469
noParalogs	60	198	43	23.106
noParalogs	73	1172	174	48.318
noParalogs	65	513	101	14.899
noParalogs	31	189	6	1.536
noParalogs	70	428	16	56.332
noParalogs	72	1065	141	41.956
noParalogs	67	322	14	18.402
noParalogs	69	579	63	57.49
noParalogs	51	243	26	2.179
noParalogs	70	386	70	25.422
noParalogs	66	261	39	11.442
noParalogs	71	857	78	66.104
noParalogs	43	594	33	48.99
noParalogs	8	153	7	4.657
noParalogs	68	403	71	35.608
noParalogs	69	207	13	2.184
noParalogs	7	165	12	8.571
noParalogs	61	279	28	2.01
noParalogs	61	1076	131	41.203
noParalogs	73	965	255	48.198
noParalogs	69	306	68	39.912
noParalogs	72	612	146	45.084
noParalogs	65	748	56	69.204
noParalogs	4	123	2	0
noParalogs	56	615	25	51.35
noParalogs	72	1239	231	48.907
noParalogs	3	153	0	0
noParalogs	53	827	69	28.756
noParalogs	71	453	55	33.719
noParalogs	67	156	27	4.908
noParalogs	9	213	8	18.623
noParalogs	37	408	42	19.952
noParalogs	10	153	9	0
noParalogs	60	231	9	2.078
noParalogs	52	246	8	5.933
noParalogs	31	150	11	3.226
noParalogs	10	219	19	0
noParalogs	7	756	53	19.331
noParalogs	72	396	23	24.726
noParalogs	4	261	10	9.483
noParalogs	4	387	8	19.38
noParalogs	18	324	44	30.813
noParalogs	24	247	33	32.945
noParalogs	8	111	6	1.014
noParalogs	34	785	58	54.331
noParalogs	66	309	20	36.555
noParalogs	14	135	6	0
noParalogs	70	411	19	14.411
noParalogs	6	540	42	19.907
noParalogs	71	408	36	30.199
noParalogs	72	174	25	8.836
noParalogs	6	942	13	46.762
noParalogs	72	660	152	38.782
noParalogs	72	216	20	40.914
noParalogs	5	141	16	11.064
noParalogs	3	423	0	16.548
noParalogs	64	198	17	4.096
noParalogs	71	555	28	64.469
noParalogs	72	529	100	39.619
noParalogs	69	264	12	1.943
noParalogs	20	174	20	3.707
noParalogs	69	474	76	45.707
noParalogs	33	300	42	11.788
noParalogs	59	930	56	72.253
noParalogs	68	681	62	35.106
noParalogs	71	507	52	56.621
noParalogs	5	384	8	21.406
noParalogs	71	327	81	43.145
noParalogs	71	278	70	20.721
noParalogs	36	243	16	6.036
noParalogs	73	759	101	56.809
noParalogs	32	330	87	6.733
noParalogs	67	387	45	4.235
noParalogs	66	174	15	17.346
noParalogs	20	288	21	10.104
noParalogs	66	276	40	33.053
noParalogs	42	154	13	15.074
noParalogs	24	273	37	7.372
noParalogs	17	207	11	8.014
noParalogs	72	612	151	11.731
noParalogs	23	117	1	0
noParalogs	72	616	38	42.627
noParalogs	73	825	75	44.463
noParalogs	73	1211	235	46.592
noParalogs	52	294	30	44.604
noParalogs	9	171	20	12.476
noParalogs	45	279	16	37.634
noParalogs	70	655	136	49.788
noParalogs	3	412	0	37.136
noParalogs	52	624	36	8.765
noParalogs	2	324	0	6.944
noParalogs	72	384	102	17.48
noParalogs	65	770	126	61.536
noParalogs	15	444	66	49.414
noParalogs	70	240	60	32.446
noParalogs	45	480	96	45.056
noParalogs	7	144	9	0
noParalogs	7	237	15	8.68
noParalogs	64	924	88	58.969
noParalogs	55	672	306	12.792
noParalogs	69	822	44	23.887
noParalogs	12	153	29	3.758
noParalogs	69	501	32	41.621
noParalogs	35	501	40	14.628
noParalogs	46	108	8	0
noParalogs	68	177	11	29.163
noParalogs	72	473	120	37.993
noParalogs	5	402	6	18.955
noParalogs	71	809	68	41.994
noParalogs	10	360	25	8.167
noParalogs	4	621	2	18.72
noParalogs	72	705	79	66.111
noParalogs	73	956	139	60.336
noParalogs	71	580	35	70.087
noParalogs	73	711	107	43.824
noParalogs	43	165	16	0.677
noParalogs	8	228	16	14.638
noParalogs	44	340	79	46.116
noParalogs	13	492	86	16.792
noParalogs	4	144	1	0
noParalogs	3	228	0	0
noParalogs	70	357	34	29.424
noParalogs	71	589	56	45.63
noParalogs	9	264	14	4.672
noParalogs	33	279	86	25.318
noParalogs	18	156	15	0
noParalogs	66	460	36	51.324